name,price,city_mpg,highway_mpg
2017 Kia Forte S,15989.0,29.0,38.0
2017 Mercedes-Benz E300,57175.0,22.0,30.0
2018 BMW 340 i xDrive,51444.0,21.0,31.0
2018 BMW 740 i xDrive,98395.0,20.0,29.0
2018 BMW X2 sDrive28i,35995.0,23.0,32.0
2018 Buick Envision Premium II,39923.0,20.0,26.0
2018 Chevrolet Equinox Premier w/3LZ,30495.0,28.0,38.0
2018 Chevrolet Malibu Base,28995.0,0.0,0.0
2018 Chevrolet Trax LT,25845.0,24.0,30.0
2018 Chevrolet Work Van,29990.0,0.0,0.0
2018 Chrysler Pacifica Limited,42788.5,19.0,28.0
2018 FIAT 500 Lounge,22630.0,28.0,33.0
2018 FIAT 500 Pop,13290.0,28.0,33.0
2018 FIAT 500C Pop,19310.666666666668,28.0,33.0
2018 Ford EcoSport SES,27735.0,23.0,29.0
2018 Ford Explorer XLT,28730.0,16.0,22.0
2018 Ford F-150 Limited,57353.0,18.0,25.0
2018 Ford Fusion SE,22580.0,20.0,29.0
2018 Ford Transit-250 148 WB Medium Roof Cargo,30927.0,0.0,0.0
2018 GMC Work Van,63464.0,0.0,0.0
2018 Honda Accord EX-L,30865.0,30.0,38.0
2018 Jeep Cherokee Overland,31335.0,21.0,30.0
2018 Jeep Wrangler Unlimited Sahara,45351.0,17.0,23.0
2018 Kia Niro Touring,28999.0,46.0,40.0
2018 RAM 1500 ST,28999.0,17.0,25.0
2018 Toyota Prius Four,33781.0,54.0,50.0
2018 Toyota Prius Four Touring,31698.666666666668,54.0,50.0
2018 Volvo V90 Cross Country T5,60395.0,23.0,31.0
2019 Acura ILX Base,26114.0,24.0,34.0
2019 Acura ILX Technology Package,29550.0,24.0,34.0
2019 Alfa Romeo Giulia Base,45190.0,23.0,31.0
2019 Alfa Romeo Stelvio Base,45940.0,22.0,29.0
2019 Alfa Romeo Stelvio Ti,46840.0,22.0,28.0
2019 Audi A4 2.0T Premium Plus,48340.0,0.0,0.0
2019 Audi A5 2.0T Premium quattro,52545.0,23.0,34.0
2019 Audi A5 2.0T Prestige,57500.0,0.0,0.0
2019 Audi A6 45 Premium,60940.0,24.0,32.0
2019 Audi Q5 2.0T Prestige,57855.0,0.0,0.0
2019 Audi Q7 45 Premium Plus,56346.0,0.0,0.0
2019 Audi Q7 55 Premium Plus,66661.0,0.0,0.0
2019 Audi Q7 55 Prestige,71253.0,0.0,0.0
2019 Audi Q8 3.0T Prestige,80840.0,0.0,0.0
2019 Audi S3 2.0T Premium Plus,49506.5,22.0,29.0
2019 Audi S4 3.0T Premium Plus,61567.5,0.0,0.0
2019 Audi S4 3.0T quattro Premium,55892.5,21.0,30.0
2019 Audi e-tron Premium Plus,78508.33333333333,74.0,73.0
2019 Audi e-tron Prestige,86340.0,0.0,0.0
2019 Audi e-tron quattro Premium Plus,86340.0,0.0,0.0
2019 BMW 330i xDrive,56305.0,0.0,0.0
2019 BMW X1 xDrive28i,42495.0,22.0,31.0
2019 BMW X5 xDrive40i,67495.0,20.0,26.0
2019 Buick Enclave Essence,33591.5,18.0,26.0
2019 Buick Enclave Premium,47479.5,18.0,26.0
2019 Buick Encore Preferred,23977.571428571428,25.0,30.0
2019 Buick Encore Sport Touring,25288.0,24.0,29.0
2019 Buick Envision Essence,31606.0,21.0,27.0
2019 Buick Envision Preferred,29460.0,22.0,29.0
2019 Buick Regal Sportback Avenir,32278.0,22.0,32.0
2019 Buick Regal Sportback Preferred,26835.0,22.0,32.0
2019 Buick Regal TourX Essence,35714.0,21.0,29.0
2019 Cadillac CTS Luxury RWD,49065.0,19.0,29.0
2019 Cadillac Escalade ESV Luxury,77202.0,14.0,21.0
2019 Cadillac Escalade Luxury,78191.0,14.0,21.0
2019 Cadillac XT4 AWD Luxury,35239.5,24.0,30.0
2019 Cadillac XT4 AWD Premium Luxury,40750.333333333336,24.0,30.0
2019 Cadillac XT4 FWD Premium Luxury,40007.5,24.0,30.0
2019 Cadillac XT4 FWD Sport,44660.0,24.0,30.0
2019 Cadillac XT4 Luxury,35836.75,24.0,30.0
2019 Cadillac XT4 Premium Luxury,42279.642857142855,24.0,30.0
2019 Cadillac XT4 Sport,40137.083333333336,24.0,30.0
2019 Cadillac XT5 Base,43390.0,19.0,26.0
2019 Cadillac XT5 Luxury,49185.0,18.0,25.0
2019 Cadillac XT5 Premium Luxury,56947.5,18.0,25.0
2019 Cadillac XTS Luxury,49500.0,19.0,28.0
2019 Cadillac XTS Premium Luxury,57613.0,17.0,26.0
2019 Chevrolet Blazer 1LT,30832.0,0.0,0.0
2019 Chevrolet Blazer 2LT,33206.5,18.0,25.0
2019 Chevrolet Blazer 3LT,37411.0,18.0,25.0
2019 Chevrolet Blazer Premier,47553.5,20.0,26.0
2019 Chevrolet Blazer RS,39359.0,20.0,26.0
2019 Chevrolet Bolt EV LT,29051.0,128.0,110.0
2019 Chevrolet Bolt EV Premier,34457.5,128.0,110.0
2019 Chevrolet Camaro 1LT,29495.0,20.0,30.0
2019 Chevrolet Colorado LT,32683.666666666668,18.0,25.0
2019 Chevrolet Cruze LT,20057.666666666668,28.0,38.0
2019 Chevrolet Equinox 2LT,26215.666666666668,22.0,29.0
2019 Chevrolet Equinox LT,34031.0,0.0,0.0
2019 Chevrolet Equinox Premier,32044.0,22.0,29.0
2019 Chevrolet Express 2500 Work Van,39247.75,0.0,0.0
2019 Chevrolet Impala 1LS,23252.0,22.0,29.0
2019 Chevrolet Impala 1LT,28506.666666666668,22.0,29.0
2019 Chevrolet Impala Premier 2LZ,32684.0,19.0,28.0
2019 Chevrolet LT,40564.0,0.0,0.0
2019 Chevrolet Silverado 1500 Custom,35174.0,16.0,21.0
2019 Chevrolet Silverado 1500 High Country,52895.166666666664,17.0,23.0
2019 Chevrolet Silverado 1500 LT,40172.666666666664,18.0,21.0
2019 Chevrolet Silverado 1500 LT Trail Boss,47215.71428571428,15.0,20.0
2019 Chevrolet Silverado 1500 LTZ,47056.75,16.0,22.0
2019 Chevrolet Silverado 1500 RST,44428.066666666666,18.666666666666668,21.466666666666665
2019 Chevrolet Silverado 1500 WT,43675.0,16.0,21.0
2019 Chevrolet Silverado 2500 High Country,59036.0,0.0,0.0
2019 Chevrolet Silverado 2500 LT,53904.0,0.0,0.0
2019 Chevrolet Silverado 2500 LTZ,56674.0,0.0,0.0
2019 Chevrolet Sonic LT,16232.142857142857,26.857142857142858,37.57142857142857
2019 Chevrolet Spark 1LT,13829.6,29.0,38.0
2019 Chevrolet Spark 2LT,15984.5,29.0,38.0
2019 Chevrolet Spark ACTIV,17731.666666666668,29.0,37.0
2019 Chevrolet Spark LS,13286.777777777777,29.0,38.0
2019 Chevrolet Suburban Premier,66840.0,14.0,21.0
2019 Chevrolet Tahoe Premier,60431.0,15.0,22.0
2019 Chevrolet Traverse High Country,46578.0,17.0,25.0
2019 Chevrolet Traverse LT Cloth,34829.0,17.0,25.0
2019 Chevrolet Trax LS,18829.875,24.0,29.0
2019 Chevrolet Trax LT,22843.666666666668,26.0,31.0
2019 Chevrolet Work Van,47515.333333333336,0.0,0.0
2019 Chrysler 300 Limited,43135.0,19.0,30.0
2019 Chrysler 300 S,36677.333333333336,19.0,30.0
2019 Chrysler 300 Touring,27036.0,19.0,30.0
2019 Chrysler Pacifica Touring-L,36339.0,19.0,28.0
2019 Dodge Charger Scat Pack,45725.0,15.0,24.0
2019 Dodge Grand Caravan SE,24715.0,17.0,25.0
2019 Dodge Journey Crossroad,23475.6875,16.0,24.0
2019 Dodge Journey GT,28308.625,16.0,24.0
2019 Dodge Journey R/T,27044.0,0.0,0.0
2019 Dodge Journey SE,20133.333333333332,19.0,25.0
2019 Dodge Journey SE Value Package,17783.583333333332,19.0,25.0
2019 Dodge Limited,68564.0,0.0,0.0
2019 FIAT 500 Pop,15018.307692307691,28.0,33.0
2019 FIAT 500X Pop,23230.0,24.0,30.0
2019 Ford Base,25752.0,0.0,0.0
2019 Ford EcoSport SES,21941.0,23.0,29.0
2019 Ford EcoSport Titanium,25396.0,27.0,29.0
2019 Ford Edge SE,27535.0,22.0,29.0
2019 Ford Edge SEL,35906.666666666664,21.0,28.0
2019 Ford Edge ST,45984.5,19.0,26.0
2019 Ford Edge Titanium,32542.0,22.0,29.0
2019 Ford Escape S,18374.0,21.0,29.0
2019 Ford Escape SE,24026.0,22.0,28.0
2019 Ford Escape SEL,29547.75,23.0,30.0
2019 Ford Escape Titanium,29186.0,21.0,27.0
2019 Ford Expedition Limited,70509.5,17.0,24.0
2019 Ford Expedition Max XLT,49770.0,16.0,21.0
2019 Ford Expedition Platinum,70742.66666666667,17.0,22.0
2019 Ford Expedition XLT,51019.5,17.0,22.0
2019 Ford F-150 King Ranch,59536.166666666664,16.0,22.0
2019 Ford F-150 LARIAT,48479.5,20.0,26.0
2019 Ford F-150 Lariat,52868.944444444445,20.0,26.0
2019 Ford F-150 Limited,64782.0,17.0,22.0
2019 Ford F-150 Platinum,58118.153846153844,16.0,22.0
2019 Ford F-150 Raptor,75950.0,15.0,18.0
2019 Ford F-150 XL,35734.57692307692,18.923076923076923,24.846153846153847
2019 Ford F-150 XLT,39905.1067961165,18.014563106796118,23.02912621359223
2019 Ford F-250 King Ranch,74475.5,0.0,0.0
2019 Ford F-250 Lariat,70236.8,0.0,0.0
2019 Ford F-250 Platinum,76123.0,0.0,0.0
2019 Ford F-250 XL,39943.333333333336,0.0,0.0
2019 Ford F-250 XLT,49152.2,0.0,0.0
2019 Ford F-350 KNAPHEIDE,47995.0,0.0,0.0
2019 Ford F-350 King Ranch,74922.0,0.0,0.0
2019 Ford F-350 Lariat,70042.0,0.0,0.0
2019 Ford F-350 Lariat Super Duty,75685.0,0.0,0.0
2019 Ford F-350 Platinum,76352.0,0.0,0.0
2019 Ford F-350 XL,52736.0,0.0,0.0
2019 Ford F-350 XLT,60123.0,0.0,0.0
2019 Ford F-450 XL,50238.0,0.0,0.0
2019 Ford Fiesta ST Line,17437.0,27.0,35.0
2019 Ford Flex Limited w/EcoBoost,43629.0,15.0,21.0
2019 Ford Flex SEL,31655.0,16.0,22.0
2019 Ford Fusion Energi Titanium,31390.0,0.0,0.0
2019 Ford Fusion Hybrid SE,27010.5,43.0,41.0
2019 Ford Fusion S,21037.333333333332,21.0,31.0
2019 Ford Fusion SE,20662.5,23.0,34.0
2019 Ford Fusion Titanium,29313.0,21.0,31.0
2019 Ford Mustang Bullitt,50475.0,15.0,24.0
2019 Ford Mustang EcoBoost,26351.0,21.0,31.0
2019 Ford Mustang EcoBoost Premium,29454.0,21.0,31.0
2019 Ford Ranger LARIAT,43292.0,20.0,24.0
2019 Ford Ranger Lariat,41531.125,20.0,24.0
2019 Ford Ranger STX,26765.0,0.0,0.0
2019 Ford Ranger XL,29358.0,21.0,26.0
2019 Ford Ranger XLT,31610.04761904762,20.904761904761905,25.80952380952381
2019 Ford Transit Connect XL,23815.428571428572,24.0,27.0
2019 Ford Transit Connect XLT,28729.85714285714,6.857142857142857,7.714285714285714
2019 Ford Transit-150 Base,32302.0,0.0,0.0
2019 Ford Transit-250 130 WB Medium Roof Cargo,33735.0,0.0,0.0
2019 Ford Transit-250 148 WB Medium Roof Cargo,34679.75,0.0,0.0
2019 Ford Transit-250 Base,30956.5,0.0,0.0
2019 Ford Transit-350 XL,44139.0,0.0,0.0
2019 Ford XL,22052.0,0.0,0.0
2019 Ford XLT,22865.0,0.0,0.0
2019 GMC Acadia SLE-1,29728.666666666668,21.0,25.0
2019 GMC Acadia SLT-1,34789.0,21.0,26.0
2019 GMC Acadia SLT-2,45949.0,17.0,25.0
2019 GMC Canyon SLE,34207.0,17.0,24.0
2019 GMC Sierra 1500 Denali,55369.53846153846,15.0,21.0
2019 GMC Sierra 1500 Limited SLE,39675.0,16.0,23.0
2019 GMC Sierra 1500 SLE,46364.25,14.25,16.5
2019 GMC Sierra 1500 SLT,49236.25,17.0,23.0
2019 GMC Sierra 2500 SLT,60660.0,0.0,0.0
2019 GMC Terrain Denali,35981.0,22.0,28.0
2019 GMC Work Van,32505.25,0.0,0.0
2019 Genesis G80 3.3T Sport,56585.0,17.0,25.0
2019 Genesis G80 3.8,54675.0,18.0,24.0
2019 Honda Accord EX,28550.0,30.0,38.0
2019 Honda Accord EX-L 2.0T,32540.0,23.0,34.0
2019 Honda Accord Hybrid,26243.333333333332,0.0,0.0
2019 Honda Accord Hybrid EX,29523.75,48.0,48.0
2019 Honda Accord Hybrid EX-L,30986.5,48.0,48.0
2019 Honda Accord Hybrid Touring,34464.5,48.0,48.0
2019 Honda Accord LX,24647.5,30.0,38.0
2019 Honda Accord Sport,25708.30769230769,26.0,35.0
2019 Honda Accord Sport 1.5T,26364.666666666668,26.0,35.0
2019 Honda Accord Sport 2.0T,31640.0,22.0,32.0
2019 Honda Accord Touring 2.0T,36880.0,22.0,32.0
2019 Honda CR-V EX,28715.46153846154,28.0,34.0
2019 Honda CR-V EX-L,31352.333333333332,27.0,33.0
2019 Honda CR-V LX,26945.0,25.0,31.0
2019 Honda Civic EX,23161.0,32.0,42.0
2019 Honda Civic EX-L,24600.0,32.0,42.0
2019 Honda Civic EX-L Navi,27170.0,31.0,40.0
2019 Honda Civic LX,20552.133333333335,25.666666666666668,36.266666666666666
2019 Honda Civic Sport,22813.666666666668,25.533333333333335,36.233333333333334
2019 Honda Civic Touring,26114.5,30.0,38.0
2019 Honda Clarity Plug-In Hybrid Base,33955.0,0.0,0.0
2019 Honda HR-V EX,25889.5,26.0,31.0
2019 Honda HR-V Sport,23243.666666666668,28.0,34.0
2019 Honda HR-V Touring,29231.5,26.0,31.0
2019 Honda Insight EX,23437.666666666668,55.0,49.0
2019 Honda Insight LX,23905.2,55.0,49.0
2019 Honda Insight Touring,28003.8,51.0,45.0
2019 Honda Odyssey EX,35255.0,19.0,28.0
2019 Honda Odyssey EX-L,38780.0,19.0,28.0
2019 Honda Odyssey Elite,48115.0,19.0,28.0
2019 Honda Odyssey LX,28932.0,19.0,28.0
2019 Honda Passport EX-L,37730.0,19.0,24.0
2019 Honda Passport Elite,47088.0,19.0,24.0
2019 Honda Passport Sport,32173.0,20.0,25.0
2019 Honda Passport Touring,40325.0,20.0,25.0
2019 Honda Pilot LX,33178.333333333336,18.0,26.0
2019 Honda Ridgeline RTL,36915.0,19.0,26.0
2019 Honda Ridgeline RTL-T,37457.0,19.0,26.0
2019 Honda Ridgeline Sport,36385.0,18.0,25.0
2019 Hyundai Accent SE,13999.0,28.0,37.0
2019 Hyundai Accent SEL,15713.0,28.0,38.0
2019 Hyundai Elantra Limited,17845.0,28.0,37.0
2019 Hyundai Ioniq Hybrid Limited,27333.5,55.0,54.0
2019 Hyundai Ioniq Hybrid SEL,24353.333333333332,55.0,54.0
2019 Hyundai Kona Iron Man,26995.0,28.0,32.0
2019 Hyundai Kona SEL,24074.0,27.0,33.0
2019 Hyundai Sonata Limited,26832.5,25.0,33.0
2019 Hyundai Sonata Limited 2.0T,28539.0,23.0,32.0
2019 Hyundai Sonata SEL,20098.0,25.0,33.0
2019 Hyundai Tucson SE,22643.444444444445,23.0,30.0
2019 Hyundai Tucson SEL,19495.0,22.0,28.0
2019 Hyundai Tucson Sport,22463.0,21.0,26.0
2019 Hyundai Tucson Value,26120.0,22.0,25.0
2019 INFINITI QX50 ESSENTIAL,49990.0,24.0,31.0
2019 INFINITI QX50 Luxe,37945.0,24.0,30.0
2019 INFINITI QX50 Pure,35000.0,24.0,31.0
2019 Jaguar XJ XJL Portfolio,76679.0,18.0,27.0
2019 Jeep Cherokee Latitude,19999.0,22.0,31.0
2019 Jeep Compass Altitude,29665.0,0.0,0.0
2019 Jeep Compass Trailhawk,26574.0,0.0,0.0
2019 Jeep Grand Cherokee Trackhawk,87279.5,11.0,17.0
2019 Jeep Renegade Trailhawk,26383.5,22.0,27.0
2019 Kia Cadenza Limited,33429.0,20.0,27.0
2019 Kia Forte FE,16477.0,27.0,37.0
2019 Kia Niro EV EX Premium,45062.5,123.0,102.0
2019 Kia Niro EX,30412.545454545456,51.0,46.0
2019 Kia Niro LX,24444.2,51.0,46.0
2019 Kia Niro Plug-In Hybrid EX,32350.916666666668,0.0,0.0
2019 Kia Niro Plug-In Hybrid EX Premium,35794.333333333336,0.0,0.0
2019 Kia Niro Plug-In Hybrid LX,29098.2,0.0,0.0
2019 Kia Sedona EX,29040.0,18.0,24.0
2019 Kia Sedona LX,26245.0,18.0,24.0
2019 Kia Sorento EX,31947.0,19.0,24.0
2019 Kia Sorento S,29531.5,0.0,0.0
2019 Lexus ES 300h,51981.0,0.0,0.0
2019 Lexus ES 300h Base,47200.5,43.0,45.0
2019 Lexus ES 300h Luxury,50316.5,43.0,45.0
2019 Lexus RX 350 Base,54712.0,20.0,28.0
2019 Lexus RX 350L Premium,54498.0,19.0,26.0
2019 Lexus RX 450h Base,55919.0,31.0,28.0
2019 Lexus UX 250h,39063.666666666664,0.0,0.0
2019 Lexus UX 250h Base,37642.818181818184,41.0,38.0
2019 Lincoln MKC Reserve,41638.0,19.0,25.0
2019 Lincoln MKC Select,40850.0,19.0,25.0
2019 Lincoln MKZ Hybrid Reserve II,46649.0,42.0,39.0
2019 Lincoln MKZ Reserve I,40518.0,20.0,31.0
2019 Lincoln Nautilus Reserve,53986.8,21.0,26.0
2019 Lincoln Nautilus Select,48084.5,21.0,26.0
2019 MINI Convertible Cooper,30241.0,28.0,37.0
2019 MINI Hardtop Cooper S,34457.5,23.0,32.0
2019 Maserati Levante Base,86045.0,15.0,21.0
2019 Mazda CX-3 Sport,21255.0,27.0,32.0
2019 Mazda CX-3 Touring,24840.0,29.0,34.0
2019 Mazda CX-5 Grand Touring Reserve,36215.0,22.0,27.0
2019 Mazda CX-5 Signature,37424.0,22.0,27.0
2019 Mazda CX-5 Sport,23862.0,24.0,30.0
2019 Mazda CX-5 Touring,27386.5,25.0,31.0
2019 Mazda CX-9 Touring,35103.0,20.0,26.0
2019 Mazda MX-5 Miata Club,32978.0,26.0,34.0
2019 Mazda MX-5 Miata Grand Touring,30829.0,26.0,34.0
2019 Mazda Mazda3 FWD w/Preferred Package,24242.666666666668,26.0,35.0
2019 Mazda Mazda3 FWD w/Premium Package,28170.0,26.5,35.5
2019 Mazda Mazda3 FWD w/Select Package,22670.666666666668,26.0,35.0
2019 Mazda Mazda6 Grand Touring,28608.0,23.0,31.0
2019 Mazda Mazda6 Grand Touring Reserve,29131.0,23.0,31.0
2019 Mazda Mazda6 Touring,25796.333333333332,26.0,35.0
2019 Mercedes-Benz CLS 450 Base,79980.0,24.0,31.0
2019 Mercedes-Benz E 300,66905.0,21.0,30.0
2019 Mercedes-Benz E 300 4MATIC,64410.0,0.0,0.0
2019 Mercedes-Benz GLS 450 Base 4MATIC,83230.0,16.0,22.0
2019 Mercedes-Benz SL 450 Base,98570.0,20.0,28.0
2019 Mercedes-Benz Sprinter 1500 Standard Roof,39808.0,0.0,0.0
2019 Mercedes-Benz Sprinter 2500 High Roof,58237.0,0.0,0.0
2019 Mercedes-Benz Sprinter 2500 Standard Roof,43376.0,0.0,0.0
2019 Mercedes-Benz Sprinter 3500 High Roof,51360.0,0.0,0.0
2019 Mercedes-Benz Sprinter 3500XD Standard Roof,43026.0,0.0,0.0
2019 Mitsubishi Outlander ES,20220.0,25.0,30.0
2019 Mitsubishi Outlander LE,28465.0,25.0,30.0
2019 Mitsubishi Outlander PHEV GT,41524.0,0.0,0.0
2019 Mitsubishi Outlander PHEV SEL,37090.0,0.0,0.0
2019 Mitsubishi Outlander SEL,22579.0,25.0,30.0
2019 Mitsubishi Outlander Sport,24239.0,0.0,0.0
2019 Nissan Altima 2.5 SV,22500.0,28.0,39.0
2019 Nissan Armada Platinum,51170.0,13.0,18.0
2019 Nissan Armada SL,48269.0,14.0,19.0
2019 Nissan Armada SV,42742.0,13.0,18.0
2019 Nissan Frontier S,23440.0,19.0,23.0
2019 Nissan Frontier SV,28880.0,16.0,23.0
2019 Nissan Kicks S,18735.666666666668,31.0,36.0
2019 Nissan Kicks SR,22101.9,31.0,36.0
2019 Nissan Kicks SV,19412.46875,31.0,36.0
2019 Nissan Leaf S PLUS,37840.0,118.0,97.0
2019 Nissan Leaf SL,36628.0,124.0,99.0
2019 Nissan Leaf SL PLUS,39470.0,114.0,94.0
2019 Nissan Leaf SV,33847.0,124.0,99.0
2019 Nissan Maxima 3.5 SL,32356.0,20.0,30.0
2019 Nissan Maxima 3.5 SV,30898.0,20.0,30.0
2019 Nissan Murano Platinum,38514.833333333336,20.0,28.0
2019 Nissan Murano S,28169.0,20.0,28.0
2019 Nissan Murano SL,36645.0,20.0,28.0
2019 Nissan Murano SV,32276.466666666667,20.0,28.0
2019 Nissan NV Cargo NV1500 S V6,29504.0,0.0,0.0
2019 Nissan NV Cargo NV3500 HD SV V8,36611.0,0.0,0.0
2019 Nissan NV200 S,21091.0,24.0,26.0
2019 Nissan Pathfinder Platinum,43509.0,20.0,27.0
2019 Nissan Pathfinder S,34700.0,20.0,27.0
2019 Nissan Rogue SV,24504.0,26.0,33.0
2019 Nissan Rogue Sport S,20591.0,25.0,32.0
2019 Nissan Rogue Sport SL,29430.0,25.0,32.0
2019 Nissan Rogue Sport SV,25134.0,25.0,32.0
2019 Nissan Sentra SR,21213.0,29.0,37.0
2019 Nissan Titan Platinum Reserve,55780.0,15.0,21.0
2019 Nissan Titan S,43731.0,15.0,21.0
2019 Nissan Titan SL,44385.0,15.0,21.0
2019 Nissan Titan SV,42844.25,15.0,21.0
2019 Nissan Titan XD Platinum Reserve,58995.0,0.0,0.0
2019 Nissan Titan XD SV,45954.5,0.0,0.0
2019 Nissan Versa 1.6 S+,13237.9,31.0,39.0
2019 Nissan Versa 1.6 SV,14984.0,31.0,39.0
2019 Nissan Versa S,11691.333333333334,27.0,36.0
2019 Nissan Versa SV,14788.0,31.0,39.0
2019 Porsche Cayenne Base,80590.0,19.0,23.0
2019 RAM 1500 Big Horn,37942.75,19.0,24.0
2019 RAM 1500 Classic Express,31658.0,0.0,0.0
2019 RAM 1500 Classic SLT,32847.0,15.0,22.0
2019 RAM 1500 Classic Tradesman,37637.0,17.0,25.0
2019 RAM 1500 Classic Warlock,31961.0,0.0,0.0
2019 RAM 1500 Laramie,47959.5,20.0,25.0
2019 RAM 1500 Limited,66355.0,19.0,24.0
2019 RAM 1500 Rebel,46116.5,19.0,24.0
2019 RAM 1500 Tradesman,32981.5,19.0,24.0
2019 RAM 2500 Big Horn,58460.666666666664,0.0,0.0
2019 RAM 2500 Laramie,65504.47457627119,0.0,0.0
2019 RAM 2500 Limited,73399.625,0.0,0.0
2019 RAM 2500 Longhorn,71524.71428571429,0.0,0.0
2019 RAM 2500 Power Wagon,59396.666666666664,0.0,0.0
2019 RAM 2500 Tradesman,47748.45,0.0,0.0
2019 RAM 3500 Big Horn,58013.25,0.0,0.0
2019 RAM 3500 Laramie,73351.32,0.0,0.0
2019 RAM 3500 Limited,71625.33333333333,0.0,0.0
2019 RAM 3500 Lone Star,65910.0,0.0,0.0
2019 RAM 3500 Longhorn,74680.5,0.0,0.0
2019 RAM 3500 Tradesman,53618.0,0.0,0.0
2019 RAM High Roof,35068.5,0.0,0.0
2019 RAM Laramie,64278.0,0.0,0.0
2019 RAM Longhorn,48739.0,0.0,0.0
2019 RAM Low Roof,40834.0,0.0,0.0
2019 RAM ProMaster 1500 Base,33934.0,0.0,0.0
2019 RAM ProMaster 1500 Low Roof,33881.5,0.0,0.0
2019 RAM ProMaster 2500 High Roof,34529.5,0.0,0.0
2019 RAM ProMaster 3500 High Roof,39178.05882352941,0.0,0.0
2019 RAM ProMaster 3500 Window Van High Roof,42205.0,0.0,0.0
2019 RAM ProMaster City Tradesman,24023.083333333332,21.0,28.0
2019 Rolls-Royce Phantom,544500.0,0.0,0.0
2019 Subaru Crosstrek 2.0i Limited,29140.0,27.0,33.0
2019 Subaru Crosstrek 2.0i Premium,26587.0,23.0,29.0
2019 Subaru Impreza 2.0i Sport,27534.0,0.0,0.0
2019 Subaru Legacy 2.5i Limited,32511.0,25.0,34.0
2019 Subaru Outback 2.5i Limited,36876.0,25.0,32.0
2019 Subaru Outback 3.6R Limited,36385.0,20.0,27.0
2019 Toyota 4Runner Limited,43623.0,17.0,20.0
2019 Toyota 4Runner Limited Nightshade,46192.0,17.0,21.0
2019 Toyota 4Runner SR5 Premium,38142.0,17.0,20.0
2019 Toyota Avalon Touring,38994.0,22.0,31.0
2019 Toyota C-HR XLE,22853.0,27.0,31.0
2019 Toyota Camry Hybrid LE,30193.0,51.0,53.0
2019 Toyota Camry Hybrid XLE,32773.0,44.0,47.0
2019 Toyota Camry SE,25746.5,28.0,39.0
2019 Toyota Camry XLE,32831.0,28.0,39.0
2019 Toyota Camry XSE,32176.666666666668,28.0,39.0
2019 Toyota Highlander Hybrid Limited,42485.0,29.0,27.0
2019 Toyota Highlander Hybrid Limited Platinum,46880.0,29.0,27.0
2019 Toyota Highlander Hybrid XLE,44065.0,29.0,27.0
2019 Toyota Highlander LE,32923.7,20.0,27.0
2019 Toyota Highlander LE Plus,34026.0,20.0,27.0
2019 Toyota Highlander Limited,39494.0,21.0,27.0
2019 Toyota Highlander Limited Platinum,44810.0,20.0,26.0
2019 Toyota Highlander SE,39556.0,21.0,27.0
2019 Toyota Highlander XLE,40210.2,20.0,26.0
2019 Toyota Prius LE,25173.0,52.0,48.0
2019 Toyota Prius Prime Advanced,35138.0,0.0,0.0
2019 Toyota Prius XLE,25497.0,54.0,50.0
2019 Toyota RAV4 Hybrid LE,29516.055555555555,41.0,38.0
2019 Toyota RAV4 Hybrid Limited,38242.142857142855,41.0,38.0
2019 Toyota RAV4 Hybrid XLE,33255.0,41.0,38.0
2019 Toyota RAV4 Hybrid XSE,38674.0,41.0,38.0
2019 Toyota RAV4 LE,26931.35714285714,26.0,35.0
2019 Toyota RAV4 XLE,29821.0,26.0,35.0
2019 Toyota RAV4 XLE Premium,33365.0,26.0,35.0
2019 Toyota Sequoia TRD Sport,60095.0,13.0,17.0
2019 Toyota Tacoma TRD Off Road,37354.0,18.0,22.0
2019 Toyota Tundra SR5,47570.0,13.0,18.0
2019 Toyota XLE,30564.0,0.0,0.0
2019 Toyota Yaris Sedan LE,18480.0,30.0,39.0
2019 Volkswagen Arteon 2.0T SEL,36833.0,20.0,27.0
2019 Volkswagen Atlas 2.0T SE,29722.0,22.0,26.0
2019 Volkswagen Atlas 3.6 V6 SEL R-Line,47730.0,17.0,23.0
2019 Volkswagen Atlas 3.6L S,31621.333333333332,17.0,23.0
2019 Volkswagen Atlas 3.6L SE w/Technology,37431.333333333336,0.0,0.0
2019 Volkswagen Atlas 3.6L SEL,43732.0,17.0,24.0
2019 Volkswagen Golf 1.4T SE,24856.666666666668,29.0,37.0
2019 Volkswagen Golf GTI SE,35199.0,24.0,32.0
2019 Volkswagen Golf SportWagen 1.4T SE,24770.0,27.0,36.0
2019 Volkswagen Jetta 1.4T S,17278.5,30.0,40.0
2019 Volkswagen Jetta GLI 2.0T S,26681.5,25.0,32.0
2019 Volkswagen Tiguan 2.0T S,24670.0,22.0,29.0
2019 Volkswagen Tiguan 2.0T SE,28872.5,21.0,29.0
2019 Volkswagen Tiguan 2.0T SEL,34685.0,22.0,29.0
2019 Volkswagen Tiguan 2.0T SEL R-Line Black,31739.0,22.0,29.0
2019 Volkswagen Tiguan SE,29460.0,21.0,29.0
2019 Volkswagen e-Golf SE,25383.5,126.0,111.0
2019 Volkswagen e-Golf SEL Premium,35239.0,0.0,0.0
2019 Volvo S60 T5 Momentum,38485.0,24.0,36.0
2020 Acura RDX A-Spec,45497.5,22.0,27.0
2020 Acura RDX Base,40595.0,21.0,27.0
2020 Acura RDX Technology Package,42795.0,22.0,28.0
2020 Audi Q3 2.0T Prestige,44840.0,0.0,0.0
2020 BMW 330 i xDrive,48435.0,25.0,34.0
2020 BMW 330i xDrive,50902.5,0.0,0.0
2020 BMW 430i,51620.0,0.0,0.0
2020 BMW 440i xDrive,63385.0,0.0,0.0
2020 BMW 530 i xDrive,61635.0,24.0,31.0
2020 BMW 840i,102190.0,0.0,0.0
2020 BMW M240 i,57260.0,22.0,30.0
2020 BMW M340 i xDrive,67395.0,22.0,30.0
2020 BMW X3 M Competition,83370.0,14.0,19.0
2020 BMW X3 sDrive30i,46445.0,25.0,29.0
2020 BMW X5 sDrive40i,68670.0,21.0,26.0
2020 BMW X5 xDrive40i,70570.0,20.0,26.0
2020 BMW X7 xDrive40i,84995.0,20.0,25.0
2020 Buick Enclave Avenir,52215.333333333336,18.0,26.0
2020 Buick Enclave Essence,41800.71428571428,18.0,26.0
2020 Buick Enclave Premium,48855.0,17.0,25.0
2020 Buick Encore Preferred,25385.0,25.0,30.0
2020 Buick Envision Essence,34983.2,21.0,27.0
2020 Buick Envision Premium II,42715.0,20.0,25.0
2020 Cadillac Escalade ESV Luxury,85082.33333333333,14.0,23.0
2020 Cadillac Escalade Luxury,85606.5,14.0,23.0
2020 Cadillac Escalade Premium Luxury,87935.0,14.0,23.0
2020 Cadillac XT4 Premium Luxury,47365.0,22.0,29.0
2020 Cadillac XT4 Sport,46487.5,24.0,30.0
2020 Cadillac XT6 Premium Luxury AWD,60672.666666666664,17.0,24.0
2020 Cadillac XT6 Sport AWD,67890.0,17.0,24.0
2020 Chevrolet 1LT,16345.0,0.0,0.0
2020 Chevrolet ACTIV,17490.0,0.0,0.0
2020 Chevrolet Blazer 1LT,31922.0,21.0,27.0
2020 Chevrolet Blazer 2LT,33705.0,0.0,0.0
2020 Chevrolet Blazer 3LT,37753.0,0.0,0.0
2020 Chevrolet Blazer Premier,44208.0,19.0,26.0
2020 Chevrolet Blazer RS,42990.0,19.0,26.0
2020 Chevrolet Camaro 1LS,25153.0,20.0,30.0
2020 Chevrolet Colorado 2WD Work Truck,29579.333333333332,18.0,25.0
2020 Chevrolet Colorado LT,34722.22580645161,20.0,26.0
2020 Chevrolet Colorado WT,30814.848484848484,18.0,25.0
2020 Chevrolet Colorado Z71,36691.913043478264,17.0,24.0
2020 Chevrolet Equinox 1LT,25550.0,26.0,31.571428571428573
2020 Chevrolet Equinox 2LT,25884.75,22.0,29.0
2020 Chevrolet Equinox LS,22434.833333333332,26.0,31.666666666666668
2020 Chevrolet Equinox Premier w/1LZ,29431.166666666668,26.0,31.666666666666668
2020 Chevrolet Equinox Premier w/2LZ,27322.0,0.0,0.0
2020 Chevrolet Express 2500 Work Van,32637.0,0.0,0.0
2020 Chevrolet Impala LT,28336.0,19.0,28.0
2020 Chevrolet LS,16300.2,0.0,0.0
2020 Chevrolet LT,54640.0,0.0,0.0
2020 Chevrolet Malibu 1LS,20880.0,29.0,36.0
2020 Chevrolet Malibu LT,24958.333333333332,29.0,36.0
2020 Chevrolet Malibu RS,19150.0,29.0,36.0
2020 Chevrolet Premier,72615.5,0.0,0.0
2020 Chevrolet RST,43607.0,0.0,0.0
2020 Chevrolet Silverado 1500 Custom,37946.36956521739,15.0,20.0
2020 Chevrolet Silverado 1500 Custom Trail Boss,43904.0,15.0,20.0
2020 Chevrolet Silverado 1500 LT,43899.68932038835,20.0,23.0
2020 Chevrolet Silverado 1500 LT Trail Boss,51243.31034482759,16.0,22.0
2020 Chevrolet Silverado 1500 LTZ,52762.36363636364,16.0,22.0
2020 Chevrolet Silverado 1500 RST,45801.0,19.636363636363637,22.581818181818182
2020 Chevrolet Silverado 1500 WT,36546.666666666664,15.0,20.0
2020 Chevrolet Silverado 2500 Custom,45650.0,0.0,0.0
2020 Chevrolet Silverado 2500 High Country,70684.0,0.0,0.0
2020 Chevrolet Silverado 2500 LT,54796.0,0.0,0.0
2020 Chevrolet Silverado 2500 LTZ,67384.69444444444,0.0,0.0
2020 Chevrolet Silverado 2500 WT,43840.0,0.0,0.0
2020 Chevrolet Silverado 3500 High Country,71145.0,0.0,0.0
2020 Chevrolet Silverado 3500 LTZ,68869.0,0.0,0.0
2020 Chevrolet Silverado 3500 WT,45982.0,0.0,0.0
2020 Chevrolet Sonic LT,15290.0,26.0,34.0
2020 Chevrolet Spark 1LT,14599.222222222223,29.0,38.0
2020 Chevrolet Spark 2LT,17358.285714285714,29.0,38.0
2020 Chevrolet Spark ACTIV,16427.916666666668,29.0,37.0
2020 Chevrolet Spark LS,13141.478005865103,29.0,38.0
2020 Chevrolet Spark LT,15816.076923076924,0.0,0.0
2020 Chevrolet Suburban LS,49510.333333333336,15.0,22.0
2020 Chevrolet Suburban LT,61564.31578947369,14.0,21.0
2020 Chevrolet Suburban Premier,69972.0,15.0,22.0
2020 Chevrolet Tahoe LS,51213.75,15.0,22.0
2020 Chevrolet Tahoe LT,59649.0,15.0,22.0
2020 Chevrolet Tahoe Premier,65274.5,15.0,22.0
2020 Chevrolet Traverse High Country,47640.0,18.0,27.0
2020 Chevrolet Traverse LS,29286.5,17.0,25.0
2020 Chevrolet Traverse LT Cloth,36658.142857142855,18.0,27.0
2020 Chevrolet Traverse LT Leather,43683.0,18.0,27.0
2020 Chevrolet Traverse Premier,46065.0,18.0,27.0
2020 Chevrolet Traverse RS,40763.25,18.0,27.0
2020 Chevrolet Trax LS,19434.083333333332,26.0,31.0
2020 Chevrolet WT,27510.0,0.0,0.0
2020 Chevrolet Work Van,30840.0,0.0,0.0
2020 Chevrolet Z71,33943.0,0.0,0.0
2020 Chrysler Pacifica Limited,43173.40909090909,19.0,28.0
2020 Chrysler Pacifica Touring L,37099.333333333336,19.0,28.0
2020 Chrysler Pacifica Touring-L,36750.89473684211,19.0,28.0
2020 Chrysler Pacifica Touring-L Plus,39943.15789473684,19.0,28.0
2020 Chrysler Voyager L,28456.1,19.0,28.0
2020 Chrysler Voyager LX,30489.41176470588,19.0,28.0
2020 Dodge Durango GT,37361.42857142857,19.0,26.0
2020 Dodge Durango SXT,34121.5,19.0,26.0
2020 Ford EcoSport SE,24045.0,27.0,29.0
2020 Ford Edge SE,28749.5,21.0,29.0
2020 Ford Edge SEL,36276.333333333336,21.0,29.0
2020 Ford Edge ST,40555.25,19.0,26.0
2020 Ford Edge Titanium,39323.4,21.0,29.0
2020 Ford Escape SE,27927.8,0.0,0.0
2020 Ford Escape SEL,32119.0,0.0,0.0
2020 Ford Escape Titanium,36186.5,0.0,0.0
2020 Ford Expedition Limited,70895.0,17.0,22.0
2020 Ford Expedition Max Limited,76470.0,16.0,21.0
2020 Ford Expedition Max XLT,65008.0,17.0,23.0
2020 Ford Expedition XLT,58459.6,17.0,22.0
2020 Ford Explorer Limited,48734.3,20.0,27.0
2020 Ford Explorer Platinum,56562.891304347824,18.0,24.0
2020 Ford Explorer ST,55933.67741935484,18.0,24.0
2020 Ford Explorer XLT,41378.16161616162,21.0,28.0
2020 Ford F-150 King Ranch,64528.0,17.0,23.0
2020 Ford F-150 Lariat,61546.0,19.0,24.0
2020 Ford F-150 Platinum,63724.0,16.0,22.0
2020 Ford F-150 XL,43234.333333333336,20.0,26.0
2020 Ford F-150 XLT,47697.86363636364,18.0,23.0
2020 Ford Fusion Hybrid Titanium,33151.0,43.0,41.0
2020 Ford Fusion S,22037.0,21.0,31.0
2020 Ford Fusion SE,22409.333333333332,23.0,34.0
2020 Ford Mustang EcoBoost,29507.0,21.0,30.0
2020 Ford Mustang GT,38787.0,15.0,24.0
2020 Ford Transit Connect XL,26230.466666666667,17.6,19.8
2020 Ford Transit Connect XLT,29033.85714285714,0.0,0.0
2020 Ford XL,26091.0,0.0,0.0
2020 Ford XLT,30555.5,0.0,0.0
2020 GMC Acadia AT4,44275.0,18.0,25.0
2020 GMC Acadia Denali,49085.333333333336,19.0,27.0
2020 GMC Acadia SLE,36901.25,21.0,27.0
2020 GMC Acadia SLT,42099.42857142857,0.0,0.0
2020 GMC Canyon All Terrain,38901.5,17.0,24.0
2020 GMC Canyon Denali,42259.0,17.0,24.0
2020 GMC Canyon SL,19994.0,20.0,26.0
2020 GMC Canyon SLE,36072.769230769234,20.0,26.0
2020 GMC Canyon SLT,40355.666666666664,18.0,25.0
2020 GMC Savana 2500 Work Van,32530.0,0.0,0.0
2020 GMC Sierra 1500 AT4,61699.5,16.0,21.0
2020 GMC Sierra 1500 Base,44996.0,16.0,21.0
2020 GMC Sierra 1500 Denali,60159.28571428572,17.0,24.0
2020 GMC Sierra 1500 Elevation,48758.375,20.0,23.0
2020 GMC Sierra 1500 SLE,46720.083333333336,20.0,23.0
2020 GMC Sierra 1500 SLT,53367.36111111111,16.0,22.0
2020 GMC Sierra 2500 SLT,67257.0,0.0,0.0
2020 GMC Sierra 3500 SLT,56378.0,0.0,0.0
2020 GMC Terrain Denali,37517.9,22.0,28.0
2020 GMC Terrain SLE,27181.458333333332,26.0,30.0
2020 GMC Terrain SLT,32136.714285714286,25.0,28.0
2020 GMC Work Van,29787.0,0.0,0.0
2020 GMC Yukon Denali,70567.75,14.0,22.0
2020 GMC Yukon SLT,61849.0,15.0,21.0
2020 GMC Yukon SLT Standard Edition,65310.0,15.0,22.0
2020 GMC Yukon XL Denali,72518.28571428571,14.0,23.0
2020 GMC Yukon XL SLT,63761.625,15.0,22.0
2020 GMC Yukon XL SLT Standard Edition,60662.5,14.0,21.0
2020 Genesis G80 3.3T Sport,53946.0,17.0,25.0
2020 Honda Accord EX 1.5T,28129.5,30.0,38.0
2020 Honda Accord EX-L 1.5T,30311.333333333332,30.0,38.0
2020 Honda Accord Hybrid Touring,33756.0,48.0,47.0
2020 Honda Accord LX 1.5T,24800.0,30.0,38.0
2020 Honda Accord Sport 1.5T,26886.428571428572,26.0,35.0
2020 Honda Accord Sport 2.0T,31990.0,22.0,32.0
2020 Honda Civic EX,25080.0,31.0,40.0
2020 Honda Civic LX,21869.666666666668,29.0,38.666666666666664
2020 Honda Civic Sport,23044.5,27.0,36.5
2020 Honda Odyssey EX,35492.0,19.0,28.0
2020 Honda Odyssey EX-L,38479.730769230766,19.0,28.0
2020 Honda Odyssey EX-L w/Navi/RES,41155.0,19.0,28.0
2020 Honda Odyssey EX-L w/Navigation/RES,40714.692307692305,19.0,28.0
2020 Honda Odyssey Elite,46892.5,19.0,28.0
2020 Honda Odyssey LX,31129.25,19.0,28.0
2020 Honda Odyssey Touring,45370.444444444445,19.0,28.0
2020 Honda Pilot Black Edition,50715.0,19.0,26.0
2020 Honda Pilot EX,35030.833333333336,19.0,27.0
2020 Honda Pilot EX-L,39121.8,18.0,26.0
2020 Honda Pilot Elite,49215.0,19.0,26.0
2020 Honda Pilot LX,32645.0,18.0,26.0
2020 Honda Pilot Touring 7-Passenger,45617.75,20.0,27.0
2020 Honda Pilot Touring 8-Passenger,44715.0,19.0,26.0
2020 Hyundai Accent SE,15039.5,29.0,39.0
2020 Hyundai Accent SEL,17150.0,33.0,41.0
2020 Hyundai Elantra SE,17021.0,30.0,40.0
2020 Hyundai Elantra SEL,17323.0,30.0,40.0
2020 Hyundai Elantra Value Edition,17795.0,30.0,40.0
2020 Hyundai Kona Limited,26030.0,28.0,32.0
2020 Hyundai Kona SEL,19773.0,27.0,33.0
2020 Hyundai Kona SEL Plus,25129.5,27.0,33.0
2020 Hyundai Kona Ultimate,28980.0,28.0,32.0
2020 Hyundai Santa Fe SE,28206.666666666668,22.0,29.0
2020 Hyundai Santa Fe SE 2.4,25655.0,22.0,29.0
2020 Hyundai Santa Fe SEL 2.0T,31256.0,20.0,27.0
2020 Hyundai Santa Fe SEL 2.4,28555.0,22.0,29.0
2020 Hyundai Sonata,33196.0,0.0,0.0
2020 Hyundai Tucson SE,21641.0,23.0,28.0
2020 Hyundai Tucson SEL,25841.0,22.0,28.0
2020 Hyundai Tucson Value,18995.0,23.0,28.0
2020 INFINITI Q50 3.0t LUXE,44020.5,19.0,27.0
2020 INFINITI QX50 ESSENTIAL,47000.0,22.0,28.0
2020 INFINITI QX50 Luxe,42525.0,23.0,29.0
2020 INFINITI QX50 SENSORY,53075.0,23.0,29.0
2020 INFINITI QX60 Luxe,54228.0,20.0,27.0
2020 INFINITI QX60 Pure,44457.5,20.0,27.0
2020 Jaguar F-PACE 25t Prestige,53149.0,22.0,27.0
2020 Jaguar F-PACE 25t R-Sport,63678.5,22.0,27.0
2020 Jaguar XE S,42645.0,24.0,34.0
2020 Jaguar XF 25t Prestige,52711.0,25.0,34.0
2020 Jeep Cherokee Latitude,23470.0,22.0,31.0
2020 Jeep Cherokee Latitude Plus,29247.0,22.0,31.0
2020 Jeep Cherokee Limited,31480.0,19.0,27.0
2020 Jeep Compass Altitude,27079.4,0.0,0.0
2020 Jeep Compass Latitude,23041.0,22.0,31.0
2020 Jeep Compass Limited,27388.0,22.0,31.0
2020 Jeep Compass Sport,22682.0,23.0,32.0
2020 Jeep Compass Trailhawk,28999.0,22.0,30.0
2020 Jeep Gladiator Overland,50395.07692307692,16.0,23.0
2020 Jeep Gladiator Rubicon,52590.5,16.0,23.0
2020 Jeep Gladiator Sport,45135.307692307695,16.0,23.0
2020 Jeep Gladiator Sport S,46292.0,0.0,0.0
2020 Jeep Grand Cherokee Altitude,39905.72727272727,0.0,0.0
2020 Jeep Grand Cherokee High Altitude,50055.5,0.0,0.0
2020 Jeep Grand Cherokee Laredo,38758.0,19.0,26.0
2020 Jeep Grand Cherokee Laredo E,35355.333333333336,0.0,0.0
2020 Jeep Grand Cherokee Limited,44196.818181818184,19.0,26.0
2020 Jeep Grand Cherokee Upland,35516.0,0.0,0.0
2020 Jeep Renegade Altitude,26145.0,0.0,0.0
2020 Jeep Wrangler Unlimited Rubicon,57303.0,17.0,23.0
2020 Jeep Wrangler Unlimited Sport,41069.8,17.0,23.0
2020 Jeep Wrangler Unlimited Sport Altitude,41153.0,0.0,0.0
2020 Jeep Wrangler Unlimited Sport S,39973.5,0.0,0.0
2020 Kia Forte GT,23720.0,0.0,0.0
2020 Kia Forte GT-Line,19050.0,30.0,40.0
2020 Kia Forte LXS,19652.0,30.0,40.0
2020 Kia Optima EX,28794.5,27.0,37.0
2020 Kia Optima EX Premium,31410.0,27.0,37.0
2020 Kia Optima LX,23611.6,25.0,35.0
2020 Kia Optima S,27679.0,24.0,32.0
2020 Kia Rio S,16322.0,33.0,41.0
2020 Kia Sedona EX,33823.0,18.0,24.0
2020 Kia Sedona L,27555.75,18.0,24.0
2020 Kia Sedona LX,31365.333333333332,18.0,24.0
2020 Kia Sedona SX,43045.0,18.0,24.0
2020 Kia Sorento LX,31371.75,22.0,29.0
2020 Kia Sorento S,37145.0,19.0,26.0
2020 Kia Sorento SX,37253.0,19.0,26.0
2020 Kia Soul EX,22932.840277777777,27.0,33.0
2020 Kia Soul GT-Line 1.6L,27843.0,0.0,0.0
2020 Kia Soul LX,21281.5,25.0,31.0
2020 Kia Soul S,20416.4,27.0,33.0
2020 Kia Soul X-Line,21566.5,27.0,33.0
2020 Kia Sportage EX,29485.833333333332,22.0,26.0
2020 Kia Sportage LX,25160.8,23.0,30.0
2020 Kia Sportage S,26702.0,22.0,26.0
2020 Kia Sportage SX Turbo,31187.5,20.0,28.0
2020 Land Rover Discovery Sport S,51282.0,0.0,0.0
2020 Land Rover Range Rover Evoque R-Dynamic HSE,62495.0,21.0,26.0
2020 Land Rover Range Rover Evoque R-Dynamic S,58393.5,21.0,26.0
2020 Land Rover Range Rover Evoque S,50958.0,20.0,27.0
2020 Lexus 570,83706.0,0.0,0.0
2020 Lexus ES 300h Base,49095.0,43.0,44.0
2020 Lexus ES 350 F Sport,47715.0,22.0,31.0
2020 Lexus GX 460,54012.0,0.0,0.0
2020 Lexus Luxury,50720.0,0.0,0.0
2020 Lexus NX 300 Base,42236.0,22.0,28.0
2020 Lexus NX 300h Base,45272.0,33.0,30.0
2020 Lexus RX 350,61365.0,0.0,0.0
2020 Lexus RX 350 Base,52985.0,20.0,27.0
2020 Lincoln Aviator Standard,82485.0,0.0,0.0
2020 Lincoln Corsair Reserve,51345.0,0.0,0.0
2020 Lincoln MKZ Hybrid Reserve,41379.0,42.0,39.0
2020 Lincoln MKZ Reserve,50890.0,20.0,31.0
2020 Lincoln Nautilus Standard,44283.5,21.0,26.0
2020 Mazda Mazda3 FWD w/Preferred Package,25420.0,0.0,0.0
2020 Mazda Mazda3 FWD w/Premium Package,27420.0,27.0,36.0
2020 Mazda Mazda3 FWD w/Select Package,22726.0,26.0,35.0
2020 Mazda Mazda6 Grand Touring,30028.0,23.0,31.0
2020 Mazda Mazda6 Sport,24920.0,26.0,35.0
2020 Mazda Mazda6 Touring,27224.333333333332,26.0,35.0
2020 Mercedes-Benz Base,66950.0,0.0,0.0
2020 Mercedes-Benz C 300,46695.0,24.0,35.0
2020 Mercedes-Benz E 450 4MATIC,66970.0,20.0,28.0
2020 Mercedes-Benz GLC 300 Base,45140.0,22.0,29.0
2020 Mercedes-Benz GLC 300 Base 4MATIC,48785.0,21.0,28.0
2020 Mercedes-Benz GLS 450 Base 4MATIC,85000.0,16.0,22.0
2020 Mercedes-Benz S 560 4MATIC,122145.0,17.0,27.0
2020 Mitsubishi Eclipse Cross LE,21872.5,25.0,28.0
2020 Mitsubishi Eclipse Cross SE,26925.0,25.0,28.0
2020 Mitsubishi Eclipse Cross SEL,30675.0,25.0,28.0
2020 Mitsubishi Outlander ES,25915.0,25.0,30.0
2020 Mitsubishi Outlander LE,28067.0,25.0,30.0
2020 Mitsubishi Outlander SEL,30771.0,24.0,29.0
2020 Mitsubishi Outlander SP,29561.5,25.0,30.0
2020 Mitsubishi Outlander Sport 2.0 ES,24671.666666666668,24.0,30.0
2020 Mitsubishi Outlander Sport 2.0 SE,27235.0,24.0,30.0
2020 Nissan 370Z NISMO,45685.0,17.0,26.0
2020 Nissan Altima 2.0 Platinum,33554.0,25.0,34.0
2020 Nissan Altima 2.5 Platinum,31534.25,25.0,35.0
2020 Nissan Altima 2.5 S,23021.0,28.0,39.0
2020 Nissan Altima 2.5 SR,26401.5,27.0,37.0
2020 Nissan Altima 2.5 SV,29130.0,26.0,36.0
2020 Nissan Armada SV,49534.0,13.0,18.0
2020 Nissan GT-R Premium,125160.0,16.0,22.0
2020 Nissan Maxima 3.5 SV,34363.0,20.0,30.0
2020 Nissan Murano Platinum,41057.75,20.0,28.0
2020 Nissan Murano S,29543.0,20.0,28.0
2020 Nissan Murano SL,39652.166666666664,20.0,28.0
2020 Nissan Murano SV,32376.0,20.0,28.0
2020 Nissan NV Cargo NV1500 S V6,31045.0,0.0,0.0
2020 Nissan NV200 S,24140.0,24.0,26.0
2020 Nissan NV200 SV,24271.0,24.0,26.0
2020 Nissan Pathfinder SV,32935.0,20.0,27.0
2020 Nissan Rogue S,25137.5,26.0,33.0
2020 Nissan Rogue SL,29800.333333333332,26.0,33.0
2020 Nissan Rogue SV,26159.0,26.0,33.0
2020 Nissan Versa 1.6 SR,18541.0,32.0,40.0
2020 Nissan Versa 1.6 SV,17884.0,32.0,40.0
2020 Nissan Versa S,16376.375,27.0,35.0
2020 Nissan Versa SR,19571.0,32.0,40.0
2020 RAM 1500 Big Horn,44907.512295081964,19.0,24.0
2020 RAM 1500 Big Horn/Lone Star,43595.0,19.0,24.0
2020 RAM 1500 Laramie,49890.17307692308,20.0,25.0
2020 RAM 1500 Limited,61508.42857142857,19.0,24.0
2020 RAM 1500 Lone Star,43336.90476190476,19.0,24.0
2020 RAM 1500 Longhorn,64150.0,19.0,24.0
2020 RAM 1500 Rebel,52946.07407407407,19.0,24.0
2020 RAM 1500 Tradesman,40469.818181818184,20.0,25.0
2020 RAM Big Horn,44441.4,0.0,0.0
2020 RAM Laramie,51109.0,0.0,0.0
2020 RAM Limited,67075.0,0.0,0.0
2020 RAM ProMaster 1500 Base,37435.0,0.0,0.0
2020 RAM ProMaster 2500 High Roof,40845.0,0.0,0.0
2020 RAM ProMaster 3500 High Roof,44160.0,0.0,0.0
2020 Subaru Ascent Touring 7-Passenger,46957.0,20.0,26.0
2020 Subaru Forester Limited,33970.5,26.0,33.0
2020 Subaru Impreza Sport,25771.0,22.0,30.0
2020 Subaru Legacy Sport,28903.0,27.0,35.0
2020 Subaru Outback Limited,36207.333333333336,26.0,33.0
2020 Subaru Outback Premium,30725.0,26.0,33.0
2020 Subaru Outback Touring,36647.0,26.0,33.0
2020 Subaru WRX Base,29234.0,21.0,27.0
2020 Toyota 4Runner Limited,45704.0,16.0,19.0
2020 Toyota 4Runner SR5 Premium,39472.0,16.0,19.0
2020 Toyota 4Runner Venture,43401.0,16.0,19.0
2020 Toyota Avalon Hybrid XLE,39425.0,43.0,44.0
2020 Toyota Avalon Hybrid XSE,42054.5,43.0,43.0
2020 Toyota Avalon XSE,41268.0,22.0,31.0
2020 Toyota Camry Hybrid LE,27785.0,0.0,0.0
2020 Toyota Camry L,24970.5,29.0,41.0
2020 Toyota Camry LE,24661.0,28.0,39.0
2020 Toyota Camry SE,26766.0,28.0,39.0
2020 Toyota Camry XLE,30627.0,28.0,39.0
2020 Toyota Camry XSE,31139.85714285714,28.0,39.0
2020 Toyota Corolla Hybrid LE,24304.0,53.0,52.0
2020 Toyota Corolla L,19444.0,30.0,38.0
2020 Toyota Corolla LE,20949.38888888889,30.0,38.0
2020 Toyota Corolla Nightshade,22061.0,31.0,40.0
2020 Toyota Corolla SE,22058.866666666665,31.0,40.0
2020 Toyota Corolla XLE,22318.0,29.0,37.0
2020 Toyota Prius Prime LE,26590.0,0.0,0.0
2020 Toyota Prius Prime Limited,33376.22222222222,0.0,0.0
2020 Toyota Prius Prime XLE,29880.333333333332,0.0,0.0
2020 Toyota Prius XLE,27346.0,52.0,48.0
2020 Toyota RAV4 LE,27285.0,26.0,35.0
2020 Toyota RAV4 XLE,30176.0,25.0,33.0
2020 Toyota RAV4 XLE Premium,33565.0,26.0,35.0
2020 Toyota Sienna LE,35097.916666666664,19.0,26.0
2020 Toyota Sienna SE,43127.0,19.0,26.0
2020 Toyota Sienna XLE,38600.0,19.0,26.0
2020 Toyota Sienna XLE Premium,42340.375,19.0,26.0
2020 Toyota Supra 3.0 Premium,66714.0,24.0,31.0
2020 Toyota Tacoma SR,30182.76923076923,18.153846153846153,22.307692307692307
2020 Toyota Tacoma SR5,34951.57894736842,20.0,23.0
2020 Toyota Tacoma TRD Off Road,39587.066666666666,17.0,20.0
2020 Toyota Tacoma TRD Pro,42832.0,17.0,20.0
2020 Toyota Tacoma TRD Sport,39673.0,17.733333333333334,22.4
2020 Toyota Tundra 1794,51126.0,13.0,18.0
2020 Toyota Tundra Limited,51111.833333333336,13.0,17.0
2020 Toyota Tundra SR5,43161.13953488372,13.0,17.0
2020 Toyota Yaris Sedan XLE,20114.0,32.0,40.0
2020 Volvo S60 T5 Momentum,39957.0,23.0,34.0
2020 Volvo V60 Cross Country T5,46988.0,22.0,31.0
2020 Volvo XC40 T5 Momentum,43280.0,22.0,30.0
2020 Volvo XC60 T5 Momentum,49970.0,20.0,27.0
2020 Volvo XC60 T5 R-Design,53755.0,20.0,27.0
2020 Volvo XC90 T5 Momentum 7 Passenger,52005.0,18.0,26.0
2020 Volvo XC90 T6 Momentum 7 Passenger,60940.0,20.0,27.0
